{"train_sizes": [32, 104, 176, 248, 320], "train_acc": [0.9583333333333334, 0.9871794871794872, 1.0, 0.974462365591398, 0.9958333333333332], "test_acc": [0.0956262939958592, 0.31393633540372673, 0.5509446169772257, 0.7463768115942028, 0.9833721532091099]}