{"accuracy": 0.991869918699187, "precision": 0.9931972789115646, "recall": 0.9920634920634922}